<?xml version="1.0" encoding="UTF-8"?>
<!DOCTYPE fontscolors PUBLIC "-//NetBeans//DTD Editor Fonts and Colors settings 1.1//EN" "http://www.netbeans.org/dtds/EditorFontsColors-1_1.dtd">
<fontscolors>
    <fontcolor foreColor="ffae81ff" name="char"/>
    <fontcolor foreColor="orange" name="markup-element"/>
    <fontcolor name="private"/>
    <fontcolor name="protected"/>
    <fontcolor default="string" name="markup-attribute-value"/>
    <fontcolor foreColor="gray" name="unused" waveUnderlined="pink"/>
    <fontcolor name="constructor"/>
    <fontcolor name="abstract"/>
    <fontcolor bgColor="red" name="deprecated" strikeThrough="darkGray"/>
    <fontcolor foreColor="ffae81ff" name="static"/>
    <fontcolor name="error" waveUnderlined="red"/>
    <fontcolor foreColor="fffd971f" name="method-parameter">
        <font style="italic"/>
    </fontcolor>
    <fontcolor foreColor="fff92672" name="keyword">
        <font style="italic"/>
    </fontcolor>
    <fontcolor name="whitespace"/>
    <fontcolor name="class"/>
    <fontcolor foreColor="ffae81ff" name="number"/>
    <fontcolor name="enum"/>
    <fontcolor name="interface"/>
    <fontcolor name="operator"/>
    <fontcolor name="url" underline="ff4e5d93"/>
    <fontcolor name="field"/>
    <fontcolor bgColor="black" foreColor="fff8f8f0" name="default">
        <font name="Consolas" size="18" style="plain"/>
    </fontcolor>
    <fontcolor foreColor="ffe6db74" name="string"/>
    <fontcolor foreColor="pink" name="entity-reference"/>
    <fontcolor foreColor="ffa6e22e" name="method"/>
    <fontcolor foreColor="fff92672" name="public"/>
    <fontcolor foreColor="ff75715e" name="comment">
        <font style="italic"/>
    </fontcolor>
    <fontcolor name="local-variable"/>
    <fontcolor foreColor="ffae81ff" name="identifier"/>
    <fontcolor name="warning" waveUnderlined="yellow"/>
    <fontcolor name="separator"/>
    <fontcolor foreColor="ffe6db74" name="markup-attribute"/>
</fontscolors>
